processId,threadId,parentProcessId,userId,mountNamespace,argsNum,returnValue,sus_label
1102,15442,1144,3,2,0,0,0
1435,11895,1524,4,3,1,0,1
1860,12733,1211,2,2,4,0,0
1270,13863,1024,2,4,4,0,0
1106,17455,1579,1,2,7,0,0
1071,14014,1393,5,3,5,0,0
1700,11686,1066,4,2,7,0,1
1020,13009,1232,2,3,1,1,0
1614,17806,1108,3,3,2,0,1
1121,10154,1145,7,2,5,0,0
1466,11409,1110,7,2,9,0,0
1214,10784,1227,4,1,2,0,0
1330,18096,1110,5,4,5,0,0
1458,17560,1469,5,3,5,0,0
1087,17343,1033,6,1,1,0,0
1372,17206,1622,9,2,6,0,0
1099,15596,1775,2,4,1,0,0
1871,15801,1935,5,1,5,0,1
1663,12806,1368,3,3,0,0,0
1130,10537,1747,4,1,2,0,0
1661,15986,1594,6,3,1,0,0
1308,11841,1553,8,2,6,0,1
1769,18716,1424,1,4,3,0,0
1343,16971,1612,8,4,7,0,1
1491,15625,1517,7,4,5,0,0
1413,12950,1691,1,2,9,0,0
1805,17992,1281,2,3,3,0,0
1385,14780,1319,3,2,4,0,1
1191,12368,1737,1,4,8,0,0
1955,16655,1442,9,2,6,0,0
1276,18173,1951,8,2,9,0,0
1160,14495,1314,2,2,8,1,0
1459,19163,1876,9,3,6,0,1
1313,16002,1965,7,1,0,0,0
1021,16614,1740,9,1,7,0,1
1252,19358,1376,6,2,3,0,0
1747,15919,1288,6,1,2,0,0
1856,10853,1436,4,1,6,0,0
1560,14146,1661,2,2,2,1,0
1474,13769,1276,7,2,7,0,0
1058,10574,1709,5,4,5,0,0
1510,11148,1581,6,1,4,0,0
1681,16293,1502,2,3,3,0,1
1475,16457,1623,5,2,7,0,1
1699,17509,1515,4,4,7,0,1
1975,19907,1349,9,3,0,0,1
1782,14777,1842,6,1,8,1,0
1189,13854,1445,2,4,4,0,0
1957,12491,1829,1,2,3,0,0
1686,13124,1349,5,3,5,0,0
1957,15691,1606,9,2,5,0,0
1562,13051,1663,6,1,1,0,0
1875,10004,1822,7,3,7,0,0
1566,15222,1136,5,1,6,0,0
1243,15315,1758,6,1,0,0,0
1831,14869,1898,5,4,4,0,0
1504,10876,1242,9,2,5,0,0
1130,19183,1542,6,3,3,0,0
1484,17027,1039,8,1,1,0,0
1818,14142,1228,2,1,3,0,0
1646,16966,1547,9,3,0,0,1
1020,17079,1919,5,1,6,0,0
1840,17987,1222,7,4,1,0,0
1166,16799,1005,1,4,1,0,1
1273,14465,1321,5,4,8,0,0
1387,10635,1467,2,4,4,0,0
1600,11693,1731,6,1,1,0,0
1315,19874,1074,1,3,8,1,0
1013,14752,1003,3,3,8,0,0
1241,18311,1846,5,3,0,0,0
1776,10830,1645,4,3,2,0,1
1345,15177,1117,3,2,3,0,0
1564,19561,1880,5,3,6,0,0
1897,18932,1605,8,2,9,0,0
1339,18308,1503,4,2,3,0,0
1091,15949,1997,1,4,1,0,0
1366,12838,1946,7,2,6,0,0
1955,11150,1573,8,1,5,0,1
1454,17560,1440,3,2,2,0,0
1427,11931,1193,6,4,5,0,0
1508,19204,1846,2,2,5,0,0
1775,11664,1714,7,1,4,0,0
1942,11081,1391,8,1,3,0,0
1034,10512,1025,6,1,9,0,0
1205,17805,1434,6,4,0,0,0
1080,15237,1172,5,4,9,0,0
1931,10559,1299,8,3,5,0,1
1561,13672,1644,1,4,1,0,0
1871,17404,1325,4,1,2,0,1
1387,13343,1409,4,1,7,0,0
1001,14070,1117,3,4,9,0,0
1389,19662,1835,3,2,5,0,0
1565,10580,1786,4,4,2,0,0
1105,17004,1723,1,4,6,0,0
1771,18130,1224,2,1,3,0,0
1821,13147,1531,9,3,8,0,0
1476,14249,1112,2,1,4,0,0
1702,11679,1139,5,3,2,0,0
1401,13506,1558,9,1,1,0,1
1729,17253,1000,9,4,1,0,0
1555,12744,1089,8,1,2,0,0
1161,19435,1653,1,1,1,0,0
1201,15188,1319,1,1,3,0,1
1957,12141,1549,9,4,1,0,1
1995,16617,1804,8,4,9,0,0
1269,12479,1893,9,4,8,0,0
1862,16484,1138,7,4,1,0,0
1815,19827,1510,3,3,8,0,0
1270,17421,1867,3,3,5,0,0
1455,19949,1844,2,2,0,0,0
1461,14452,1258,5,4,3,0,0
1726,15881,1672,3,3,0,0,0
1251,16665,1901,6,1,5,0,1
1701,12849,1689,2,4,3,0,0
1295,17390,1009,3,2,2,0,0
1724,16905,1260,5,2,2,0,0
1719,12489,1918,1,2,8,0,1
1748,19823,1649,1,1,5,0,0
1337,19207,1171,9,3,8,0,1
1878,19540,1897,7,1,4,0,1
1052,14611,1012,1,4,1,0,0
1791,12839,1167,8,2,7,1,0
1921,18527,1641,3,1,4,0,1
1216,15878,1595,8,1,1,0,0
1763,19087,1320,5,3,3,0,1
1187,16303,1318,1,3,8,0,1
1379,10851,1612,7,2,3,1,0
1492,11687,1328,5,1,3,0,0
1040,16833,1784,6,1,1,0,1
1156,12427,1776,6,3,5,0,0
1014,19760,1970,8,1,1,0,0
1812,14000,1910,9,1,6,1,0
1064,15052,1919,2,1,2,1,0
1856,12738,1549,9,3,2,0,1
1838,15732,1418,9,2,4,0,1
1520,15387,1605,7,4,2,0,0
1343,18002,1094,1,2,1,0,0
1128,15536,1816,7,4,9,0,0
1647,13913,1580,5,1,8,0,1
1471,11066,1317,6,2,1,0,0
1062,17723,1955,7,4,1,0,0
1138,14380,1235,5,3,7,1,0
1498,14107,1945,7,3,8,0,0
1592,15726,1333,9,2,6,0,1
1391,13373,1884,3,2,2,0,0
1674,18945,1375,8,1,8,0,0
1418,12082,1458,2,2,2,0,0
1288,18967,1136,7,1,4,1,1
1378,16748,1929,2,1,8,0,0
1772,19817,1587,4,3,2,0,0
1489,10417,1994,7,3,6,0,0
1230,18306,1546,3,4,0,0,1
1040,18808,1512,2,3,3,0,0
1027,13974,1295,7,3,3,0,0
1134,13267,1319,1,2,6,0,0
1200,10825,1917,8,3,7,0,0
1839,17668,1571,3,4,0,0,0
1779,15745,1831,2,2,4,0,1
1929,19708,1348,3,4,6,0,0
1032,10412,1839,5,3,3,0,0
1047,17543,1778,8,4,3,0,0
1502,17587,1872,7,2,3,0,0
1406,10728,1228,7,1,5,0,0
1573,17164,1269,7,4,6,0,1
1727,18867,1827,8,4,1,0,0
1804,15988,1797,1,2,4,0,0
1098,12504,1290,4,2,3,0,0
1683,12967,1724,6,4,2,0,0
1871,12786,1164,9,3,6,0,0
1725,11122,1004,2,4,5,0,0
1986,14079,1850,1,2,6,0,1
1546,11571,1378,2,1,4,0,0
1960,15073,1077,7,1,5,0,0
1738,15104,1409,3,3,4,0,1
1612,12143,1573,2,4,6,0,0
1942,19879,1131,7,1,1,0,0
1461,16806,1600,2,4,4,0,0
1642,17357,1748,3,2,5,0,0
1768,13440,1041,7,1,5,1,0
1004,13766,1088,4,3,4,0,0
1217,15644,1401,1,2,9,0,0
1502,12914,1295,5,3,6,0,1
1766,14968,1839,9,2,9,0,0
1397,15917,1294,8,1,7,0,0
1870,18787,1615,9,3,6,0,0
1794,10728,1525,9,3,4,0,0
1392,11365,1799,7,2,0,0,0
1206,14492,1690,4,3,4,0,1
1014,10698,1636,5,2,9,0,1
1857,17186,1421,1,2,1,0,0
1553,10395,1864,1,2,4,0,1
1891,17400,1022,3,2,4,0,0
1460,18082,1574,8,1,1,0,0
1690,14171,1142,2,2,4,0,0
1574,14360,1992,4,4,3,0,1
1863,12502,1664,2,3,0,0,0
1742,10717,1144,5,4,2,0,0
1240,12782,1224,9,1,0,0,1
1563,14946,1502,1,4,4,0,0
1095,15486,1961,5,3,3,0,0
1899,18335,1973,9,4,6,0,0
1733,14980,1820,1,1,4,0,0
1484,17266,1615,9,2,9,0,0
1406,14491,1103,8,4,3,0,0
1230,17192,1946,4,1,1,0,0
1748,15588,1038,5,1,3,0,1
1654,17651,1946,5,3,1,0,0
1170,13636,1197,6,3,7,0,0
1540,11167,1645,7,4,2,0,0
1035,11062,1578,8,2,8,1,0
1524,12156,1390,8,1,3,0,0
1159,17860,1178,2,4,5,0,0
1838,15161,1967,9,1,9,1,0
1698,15305,1553,7,1,4,0,0
1242,16541,1447,4,2,9,0,0
1085,14729,1499,4,2,0,0,0
1795,19348,1014,8,4,8,1,0
1577,17330,1622,4,2,0,0,0
1681,15334,1668,6,2,7,0,0
1556,18924,1288,5,4,8,0,0
1573,14330,1477,3,2,8,0,0
1952,18010,1230,2,3,0,0,1
1645,16801,1922,9,1,1,0,0
1795,14846,1419,9,1,0,0,0
1027,16731,1156,1,1,9,0,1
1619,17241,1549,3,1,1,0,0
1555,10953,1440,8,4,9,0,0
1339,12539,1096,6,1,7,0,0
1797,17056,1996,5,1,4,0,0
1957,11542,1410,5,1,6,0,1
1330,15293,1950,6,1,1,0,0
1639,11191,1288,7,3,7,0,1
1505,16313,1253,1,1,5,0,0
1347,16938,1195,9,3,7,0,0
1472,12681,1597,3,4,0,0,0
1230,19409,1833,4,2,0,0,0
1189,11540,1521,1,1,6,0,0
1224,16172,1516,3,2,7,0,1
1384,15541,1634,2,2,2,0,0
1376,19580,1841,2,4,4,0,0
1282,11365,1864,1,2,0,1,0
1957,18691,1117,8,3,6,0,0
1632,19872,1805,3,2,4,0,0
1627,18702,1908,3,2,7,0,0
1972,17494,1158,6,2,7,0,0
1744,14312,1814,8,1,8,0,0
1258,11324,1227,9,1,6,0,0
1358,19347,1876,9,3,0,0,1
1709,13141,1215,4,3,2,0,1
1455,17419,1947,5,1,7,0,0
1410,13486,1695,2,3,2,0,0
1648,11810,1014,9,1,7,0,1
1317,16588,1156,8,4,0,0,0
1676,12923,1647,3,2,4,0,1
1224,15301,1260,9,2,3,0,0
1818,14186,1156,3,3,4,0,0
1233,18905,1046,9,1,7,0,1
1683,15977,1323,2,1,9,0,1
1663,14268,1843,9,3,3,1,0
1974,14748,1684,8,1,3,0,0
1826,14849,1129,9,4,2,0,0
1373,19435,1410,5,2,6,0,0
1671,13709,1094,2,3,2,0,0
1607,19273,1626,8,3,2,0,0
1471,16619,1754,6,1,9,0,1
1232,18647,1931,8,3,4,0,0
1691,19086,1291,5,4,4,0,0
1112,19576,1793,2,1,5,0,0
1829,13072,1810,6,1,7,0,0
1496,16530,1282,5,1,9,0,0
1441,10504,1068,5,1,5,0,0
1563,11214,1659,1,4,0,0,0
1267,11531,1010,2,1,7,0,1
1509,17576,1253,8,3,7,0,1
1806,10823,1841,3,4,8,0,0
1385,10928,1871,3,2,8,0,1
1386,15029,1549,8,2,1,1,0
1112,10133,1133,8,3,1,0,0
1612,12105,1711,2,3,2,0,0
1624,13627,1022,8,4,0,0,0
1951,16316,1814,1,2,3,1,0
1080,11852,1345,6,2,3,0,1
1698,14910,1301,8,2,8,0,0
1112,14175,1362,3,2,8,0,1
1001,15348,1395,8,2,8,0,0
1641,19442,1217,1,1,9,0,0
1219,16190,1140,9,3,6,0,1
1565,11256,1615,9,1,1,0,0
1854,13376,1957,5,2,9,0,0
1996,15645,1209,4,4,4,0,0
1735,13486,1984,6,4,3,0,0
1224,13584,1992,7,2,7,0,0
1384,19588,1622,5,2,1,0,0
1402,18053,1615,9,4,5,0,0
1637,13330,1827,3,1,4,0,1
1129,12703,1682,7,1,1,0,0
1052,18662,1459,5,2,9,0,0
1683,18120,1355,7,1,0,0,0
1729,17114,1323,2,4,7,0,1
1671,11353,1132,4,1,1,0,0
1709,15063,1887,2,2,6,0,0
1415,18549,1804,7,4,8,0,0
1246,17575,1839,2,1,8,0,0
1835,10667,1126,1,3,7,0,1
1438,14468,1105,9,4,9,0,0
1202,19337,1603,1,4,8,0,0
1183,16819,1798,8,3,1,0,0
1122,13719,1377,2,3,5,0,0
1400,12745,1904,8,4,3,0,1
1766,17483,1050,3,3,3,0,1
1293,10539,1028,6,2,4,0,0
1279,14964,1461,3,2,2,0,1
1836,14835,1295,7,2,0,0,0
1883,13775,1296,9,4,7,0,0
1609,16042,1725,2,3,4,0,0
1197,17102,1778,5,3,2,0,0
1981,17312,1406,6,1,9,0,0
1906,15320,1768,4,1,6,0,1
1510,16132,1813,4,3,6,0,0
1751,17891,1612,4,3,0,0,1
1143,12779,1404,2,3,8,0,0
1608,10924,1345,4,4,1,0,1
1200,11581,1621,1,3,4,0,0
1123,17714,1419,6,1,4,0,0
1186,13324,1181,1,4,7,0,0
1325,15713,1982,6,3,7,0,1
1463,17026,1824,1,1,6,0,0
1348,10255,1000,6,4,6,0,1
1770,14804,1830,8,3,5,0,0
1659,11838,1949,2,3,5,1,0
1763,10009,1566,2,3,8,0,1
1954,12871,1370,4,4,5,0,0
1931,18989,1935,3,1,1,0,0
1402,17409,1910,4,1,1,0,0
1345,17418,1660,7,2,4,0,1
1962,15124,1430,1,3,3,0,0
1510,11015,1968,6,2,1,0,1
1146,12193,1308,3,2,2,0,0
1147,18415,1136,7,1,6,0,1
1863,17449,1201,2,4,7,0,1
1710,14158,1435,2,4,5,0,0
1819,13925,1312,4,1,4,0,0
1488,16970,1116,1,4,0,0,0
1928,16938,1665,3,2,7,0,0
1935,14784,1936,9,3,2,0,0
1639,14000,1802,7,1,5,0,0
1550,11633,1574,7,3,2,0,0
1337,17266,1243,4,4,6,0,0
1871,18702,1536,2,3,6,0,0
1640,10384,1601,4,4,8,0,0
1778,10404,1074,6,4,4,0,1
1987,18175,1805,3,2,7,0,0
1952,12000,1385,1,4,9,0,0
1472,19860,1902,8,2,9,0,0
1945,15989,1209,5,2,7,0,1
1150,11460,1474,5,2,0,0,1
1414,17190,1417,4,1,4,0,1
1989,17140,1346,6,1,2,0,1
1297,13636,1528,3,4,0,0,0
1610,14809,1639,9,2,3,0,1
1262,14178,1938,5,1,7,0,0
1763,17245,1954,3,2,2,0,0
1143,16600,1875,1,3,9,1,1
1345,15997,1762,6,3,1,0,0
1623,12048,1178,2,3,8,0,0
1571,14780,1181,3,4,9,0,0
1880,10716,1663,1,2,4,0,0
1001,17939,1024,9,3,6,0,0
1896,15565,1966,8,1,1,0,0
1303,14544,1179,2,3,8,0,0
1253,14976,1709,8,3,8,0,0
1651,13419,1500,9,3,3,0,1
1452,17239,1855,1,4,3,0,0
1036,19766,1160,5,1,5,0,0
1159,10249,1176,8,2,9,0,1
1008,18865,1284,2,1,9,0,1
1232,10770,1062,4,2,9,0,0
1098,14363,1661,7,4,5,0,0
1658,11077,1665,3,4,0,0,1
1815,18427,1155,5,4,8,0,1
1207,18580,1881,8,4,1,0,0
1130,17901,1468,3,2,4,0,0
1403,14858,1048,4,3,8,0,0
1151,16544,1966,9,2,3,0,0
1053,14719,1848,7,1,2,0,0
1119,12814,1083,1,4,6,0,0
1672,13374,1360,4,4,5,0,0
1919,11252,1688,4,1,7,0,0
1627,16996,1147,9,2,2,0,0
1586,14673,1629,6,3,4,0,1
1624,14530,1341,9,3,9,0,0
1967,16881,1475,6,1,3,0,0
1419,16949,1062,6,3,3,0,1
1421,19521,1700,5,2,3,0,0
1103,16241,1359,5,2,9,0,0
1851,18017,1560,2,1,7,0,0
1253,16941,1326,8,2,5,0,0
1226,19550,1768,8,4,2,0,1
1111,17002,1735,1,1,9,0,0
1509,11331,1140,8,2,4,0,0
1472,14261,1989,5,1,5,0,0
1098,17648,1214,2,3,4,0,0
1152,19550,1434,2,2,5,0,1
1860,15115,1890,6,4,7,0,0
1913,14637,1951,9,2,6,0,0
1895,14854,1722,1,1,4,0,0
1877,13177,1317,6,1,9,0,0
1337,17730,1031,9,2,5,0,0
1705,12180,1669,8,4,3,0,0
1821,14892,1284,6,4,8,0,0
1162,17043,1304,3,4,3,0,0
1719,10137,1428,8,1,0,0,0
1956,16327,1476,9,2,6,0,0
1680,13472,1285,1,3,6,0,0
1995,15449,1143,9,1,3,0,1
1160,12832,1423,6,4,2,1,0
1579,13579,1018,6,2,7,0,0
1800,15971,1017,4,4,4,1,0
1397,14164,1768,1,3,9,0,0
1276,17941,1589,8,4,6,0,0
1815,15569,1370,2,4,3,0,0
1915,14300,1174,1,3,3,0,0
1503,16269,1193,2,2,7,0,0
1895,13818,1501,1,1,7,0,1
1391,11906,1987,1,2,1,0,1
1134,16254,1112,9,3,1,0,0
1194,10760,1113,1,4,2,0,0
1400,17830,1221,4,2,2,0,0
1639,17350,1677,6,1,0,0,0
1032,16238,1946,7,3,2,0,1
1687,16090,1830,2,2,5,0,0
1459,16031,1643,6,1,7,0,0
1954,17687,1896,7,3,9,0,0
1882,19091,1263,2,1,5,0,0
1469,19911,1924,2,3,4,1,0
1374,18472,1054,7,4,3,0,0
1021,11887,1870,1,2,2,0,0
1749,13266,1642,8,1,3,0,0
1669,10666,1799,3,3,6,0,0
1037,14188,1777,6,1,0,0,0
1229,10671,1457,9,1,6,1,0
1364,16777,1978,6,2,0,0,0
1562,17570,1877,9,4,1,1,0
1437,17956,1161,7,1,3,0,0
1775,15124,1379,9,3,0,0,0
1282,15585,1992,2,3,8,0,1
1026,14777,1086,8,4,5,0,0
1225,13900,1054,8,3,0,0,0
1276,16677,1475,2,4,0,0,0
1797,16981,1799,4,3,5,0,0
1608,16376,1177,7,2,3,0,0
1283,10523,1390,4,1,3,0,0
1878,12393,1348,4,2,5,0,1
1959,12593,1007,6,1,6,0,0
1480,19945,1832,6,1,8,0,0
1452,17240,1312,3,1,9,0,0
1828,16937,1758,9,2,4,0,0
1815,16190,1834,2,1,8,0,1
1658,15240,1983,6,2,3,0,0
1515,16493,1982,7,4,9,1,0
1546,12878,1442,9,3,1,0,1
1191,14143,1766,3,3,2,0,0
1048,13644,1327,3,1,0,0,0
1511,14432,1053,7,2,5,0,0
1016,11276,1760,4,3,5,0,0
1171,15811,1238,8,2,0,0,0
1219,10302,1228,7,2,2,0,0
1157,10638,1578,5,1,4,0,0
1476,10055,1050,7,3,2,0,0
1045,18717,1608,3,1,9,0,0
1372,18150,1603,2,1,2,0,0
1517,12125,1263,6,3,9,0,0
1098,10364,1417,2,3,2,0,0
1891,16809,1802,3,4,4,0,0
1744,14621,1095,6,4,4,0,0
1036,15126,1087,5,2,3,0,0
1279,15122,1077,8,3,0,0,0
1348,11646,1287,9,4,4,0,1
1496,10918,1119,3,2,9,0,0
1301,12797,1813,3,2,4,0,0
1180,16506,1490,3,2,3,0,0
1606,15870,1911,6,4,5,0,0
1098,11531,1451,1,3,9,0,0
1699,18172,1499,7,1,3,0,1
1992,13345,1164,1,2,6,0,0
1115,17673,1181,5,4,6,0,0
1190,16949,1468,8,4,1,1,0
1252,16882,1909,4,1,2,0,0
1980,11906,1734,5,1,0,0,0
1927,13086,1822,4,4,7,0,0
1982,18152,1943,4,3,8,0,0
1160,15750,1977,8,1,3,0,0
1255,18905,1006,2,4,5,0,0
1322,11062,1329,1,1,8,0,0
1127,11976,1774,3,3,5,0,1
1017,11296,1672,9,2,8,0,0
1792,16229,1150,4,1,3,0,1
1734,17641,1084,5,3,7,0,0
1565,10125,1146,2,4,8,0,1
1569,14632,1623,4,1,3,0,1
